inventory_id,warehouse_id,city,product_id,stock_available,reorder_level
1,W001,Hyderabad,P001,986,44
2,W001,Hyderabad,P002,834,76
3,W001,Hyderabad,P003,663,128
4,W001,Hyderabad,P004,693,118
5,W001,Hyderabad,P005,257,129
6,W001,Hyderabad,P006,250,86
7,W001,Hyderabad,P007,87,89
8,W001,Hyderabad,P008,769,79
9,W001,Hyderabad,P009,537,60
10,W001,Hyderabad,P010,332,71
11,W001,Hyderabad,P011,936,147
12,W001,Hyderabad,P012,261,86
13,W001,Hyderabad,P013,877,122
14,W001,Hyderabad,P014,719,108
15,W001,Hyderabad,P015,545,136
16,W001,Hyderabad,P016,767,63
17,W001,Hyderabad,P017,596,76
18,W001,Hyderabad,P018,318,85
19,W001,Hyderabad,P019,370,121
20,W001,Hyderabad,P020,573,102
21,W001,Hyderabad,P021,591,137
22,W001,Hyderabad,P022,625,119
23,W001,Hyderabad,P023,60,77
24,W001,Hyderabad,P024,785,130
25,W001,Hyderabad,P025,981,125
26,W001,Hyderabad,P026,457,81
27,W001,Hyderabad,P027,328,69
28,W001,Hyderabad,P028,652,145
29,W001,Hyderabad,P029,835,51
30,W001,Hyderabad,P030,790,50
31,W001,Hyderabad,P031,742,88
32,W001,Hyderabad,P032,899,77
33,W001,Hyderabad,P033,328,138
34,W001,Hyderabad,P034,237,76
35,W001,Hyderabad,P035,307,88
36,W001,Hyderabad,P036,833,126
37,W001,Hyderabad,P037,930,100
38,W001,Hyderabad,P038,138,143
39,W001,Hyderabad,P039,609,58
40,W001,Hyderabad,P040,88,102
41,W001,Hyderabad,P041,485,79
42,W001,Hyderabad,P042,979,96
43,W001,Hyderabad,P043,95,71
44,W001,Hyderabad,P044,381,131
45,W001,Hyderabad,P045,856,121
46,W001,Hyderabad,P046,689,45
47,W001,Hyderabad,P047,874,79
48,W001,Hyderabad,P048,238,40
49,W001,Hyderabad,P049,894,92
50,W001,Hyderabad,P050,996,45
51,W001,Hyderabad,P051,175,41
52,W001,Hyderabad,P052,569,48
53,W001,Hyderabad,P053,895,92
54,W001,Hyderabad,P054,957,142
55,W001,Hyderabad,P055,819,70
56,W001,Hyderabad,P056,323,55
57,W001,Hyderabad,P057,382,133
58,W001,Hyderabad,P058,938,113
59,W001,Hyderabad,P059,692,98
60,W001,Hyderabad,P060,642,78
61,W001,Hyderabad,P061,271,57
62,W001,Hyderabad,P062,101,106
63,W001,Hyderabad,P063,191,74
64,W001,Hyderabad,P064,187,87
65,W001,Hyderabad,P065,236,50
66,W001,Hyderabad,P066,316,149
67,W001,Hyderabad,P067,397,56
68,W001,Hyderabad,P068,792,116
69,W001,Hyderabad,P069,321,43
70,W001,Hyderabad,P070,315,87
71,W001,Hyderabad,P071,272,137
72,W001,Hyderabad,P072,210,60
73,W001,Hyderabad,P073,351,103
74,W001,Hyderabad,P074,419,121
75,W001,Hyderabad,P075,550,106
76,W001,Hyderabad,P076,307,50
77,W001,Hyderabad,P077,125,126
78,W001,Hyderabad,P078,161,134
79,W001,Hyderabad,P079,978,43
80,W001,Hyderabad,P080,879,100
81,W001,Hyderabad,P081,469,92
82,W001,Hyderabad,P082,603,64
83,W001,Hyderabad,P083,964,112
84,W001,Hyderabad,P084,497,45
85,W001,Hyderabad,P085,148,96
86,W001,Hyderabad,P086,966,50
87,W001,Hyderabad,P087,629,64
88,W001,Hyderabad,P088,144,97
89,W001,Hyderabad,P089,109,70
90,W001,Hyderabad,P090,679,83
91,W001,Hyderabad,P091,718,133
92,W001,Hyderabad,P092,876,146
93,W001,Hyderabad,P093,60,142
94,W001,Hyderabad,P094,989,78
95,W001,Hyderabad,P095,116,83
96,W001,Hyderabad,P096,918,89
97,W001,Hyderabad,P097,803,65
98,W001,Hyderabad,P098,112,45
99,W001,Hyderabad,P099,479,79
100,W001,Hyderabad,P100,975,94
101,W001,Hyderabad,P101,816,66
102,W001,Hyderabad,P102,771,68
103,W001,Hyderabad,P103,839,122
104,W001,Hyderabad,P104,796,131
105,W001,Hyderabad,P105,774,96
106,W001,Hyderabad,P106,601,94
107,W001,Hyderabad,P107,528,119
108,W001,Hyderabad,P108,205,110
109,W001,Hyderabad,P109,543,118
110,W001,Hyderabad,P110,80,95
111,W001,Hyderabad,P111,586,68
112,W001,Hyderabad,P112,127,83
113,W001,Hyderabad,P113,340,59
114,W001,Hyderabad,P114,899,48
115,W001,Hyderabad,P115,239,133
116,W001,Hyderabad,P116,606,101
117,W001,Hyderabad,P117,645,58
118,W001,Hyderabad,P118,172,86
119,W001,Hyderabad,P119,806,52
120,W001,Hyderabad,P120,639,102
121,W001,Hyderabad,P121,480,45
122,W001,Hyderabad,P122,718,70
123,W001,Hyderabad,P123,65,128
124,W001,Hyderabad,P124,725,141
125,W001,Hyderabad,P125,808,60
126,W001,Hyderabad,P126,485,83
127,W001,Hyderabad,P127,58,98
128,W001,Hyderabad,P128,797,149
129,W001,Hyderabad,P129,330,89
130,W001,Hyderabad,P130,108,123
131,W001,Hyderabad,P131,68,107
132,W001,Hyderabad,P132,411,134
133,W001,Hyderabad,P133,379,77
134,W001,Hyderabad,P134,661,126
135,W001,Hyderabad,P135,705,135
136,W001,Hyderabad,P136,226,122
137,W001,Hyderabad,P137,450,74
138,W001,Hyderabad,P138,169,70
139,W001,Hyderabad,P139,686,63
140,W001,Hyderabad,P140,931,103
141,W001,Hyderabad,P141,771,120
142,W001,Hyderabad,P142,913,79
143,W001,Hyderabad,P143,885,50
144,W001,Hyderabad,P144,77,72
145,W001,Hyderabad,P145,517,46
146,W001,Hyderabad,P146,662,41
147,W001,Hyderabad,P147,541,129
148,W001,Hyderabad,P148,431,51
149,W001,Hyderabad,P149,261,126
150,W001,Hyderabad,P150,426,134
151,W001,Hyderabad,P151,640,107
152,W001,Hyderabad,P152,945,60
153,W001,Hyderabad,P153,224,68
154,W001,Hyderabad,P154,538,64
155,W001,Hyderabad,P155,719,90
156,W001,Hyderabad,P156,306,49
157,W001,Hyderabad,P157,285,77
158,W001,Hyderabad,P158,557,139
159,W001,Hyderabad,P159,968,90
160,W001,Hyderabad,P160,675,100
161,W001,Hyderabad,P161,978,59
162,W001,Hyderabad,P162,956,44
163,W001,Hyderabad,P163,710,145
164,W001,Hyderabad,P164,281,66
165,W001,Hyderabad,P165,707,138
166,W001,Hyderabad,P166,497,42
167,W001,Hyderabad,P167,335,45
168,W001,Hyderabad,P168,804,76
169,W001,Hyderabad,P169,583,145
170,W001,Hyderabad,P170,460,53
171,W001,Hyderabad,P171,904,93
172,W001,Hyderabad,P172,575,100
173,W001,Hyderabad,P173,610,83
174,W001,Hyderabad,P174,171,84
175,W001,Hyderabad,P175,384,147
176,W001,Hyderabad,P176,67,141
177,W001,Hyderabad,P177,403,124
178,W001,Hyderabad,P178,554,64
179,W001,Hyderabad,P179,377,70
180,W001,Hyderabad,P180,113,91
181,W001,Hyderabad,P181,578,145
182,W001,Hyderabad,P182,101,44
183,W001,Hyderabad,P183,532,96
184,W001,Hyderabad,P184,817,112
185,W001,Hyderabad,P185,116,53
186,W001,Hyderabad,P186,943,59
187,W001,Hyderabad,P187,758,54
188,W001,Hyderabad,P188,681,47
189,W001,Hyderabad,P189,797,73
190,W001,Hyderabad,P190,609,75
191,W001,Hyderabad,P191,801,50
192,W001,Hyderabad,P192,130,141
193,W001,Hyderabad,P193,523,102
194,W001,Hyderabad,P194,200,143
195,W001,Hyderabad,P195,289,65
196,W001,Hyderabad,P196,830,116
197,W001,Hyderabad,P197,801,100
198,W001,Hyderabad,P198,994,46
199,W001,Hyderabad,P199,732,130
200,W001,Hyderabad,P200,825,109
201,W001,Hyderabad,P201,152,49
202,W001,Hyderabad,P202,227,68
203,W001,Hyderabad,P203,892,127
204,W001,Hyderabad,P204,370,96
205,W001,Hyderabad,P205,589,135
206,W001,Hyderabad,P206,139,112
207,W001,Hyderabad,P207,338,149
208,W001,Hyderabad,P208,113,115
209,W001,Hyderabad,P209,427,135
210,W001,Hyderabad,P210,908,47
211,W001,Hyderabad,P211,550,146
212,W001,Hyderabad,P212,748,66
213,W001,Hyderabad,P213,161,100
214,W001,Hyderabad,P214,580,68
215,W001,Hyderabad,P215,133,89
216,W001,Hyderabad,P216,187,100
217,W001,Hyderabad,P217,330,122
218,W001,Hyderabad,P218,488,77
219,W001,Hyderabad,P219,159,95
220,W001,Hyderabad,P220,945,130
221,W001,Hyderabad,P221,409,70
222,W001,Hyderabad,P222,461,73
223,W001,Hyderabad,P223,833,86
224,W001,Hyderabad,P224,896,41
225,W001,Hyderabad,P225,683,122
226,W001,Hyderabad,P226,493,138
227,W001,Hyderabad,P227,622,79
228,W001,Hyderabad,P228,968,111
229,W001,Hyderabad,P229,503,131
230,W001,Hyderabad,P230,532,54
231,W001,Hyderabad,P231,414,46
232,W001,Hyderabad,P232,817,129
233,W001,Hyderabad,P233,380,77
234,W001,Hyderabad,P234,236,53
235,W001,Hyderabad,P235,311,80
236,W001,Hyderabad,P236,738,87
237,W001,Hyderabad,P237,834,75
238,W001,Hyderabad,P238,190,93
239,W001,Hyderabad,P239,507,118
240,W001,Hyderabad,P240,75,91
241,W001,Hyderabad,P241,773,125
242,W001,Hyderabad,P242,309,122
243,W001,Hyderabad,P243,731,140
244,W001,Hyderabad,P244,625,60
245,W001,Hyderabad,P245,68,132
246,W001,Hyderabad,P246,705,49
247,W001,Hyderabad,P247,672,40
248,W001,Hyderabad,P248,125,150
249,W001,Hyderabad,P249,171,111
250,W001,Hyderabad,P250,527,88
251,W001,Hyderabad,P251,803,134
252,W001,Hyderabad,P252,290,45
253,W001,Hyderabad,P253,527,144
254,W001,Hyderabad,P254,480,146
255,W001,Hyderabad,P255,345,140
256,W001,Hyderabad,P256,325,142
257,W001,Hyderabad,P257,324,134
258,W001,Hyderabad,P258,85,91
259,W001,Hyderabad,P259,660,74
260,W001,Hyderabad,P260,385,65
261,W001,Hyderabad,P261,651,128
262,W001,Hyderabad,P262,912,126
263,W001,Hyderabad,P263,442,43
264,W001,Hyderabad,P264,414,76
265,W001,Hyderabad,P265,367,136
266,W001,Hyderabad,P266,665,146
267,W001,Hyderabad,P267,296,78
268,W001,Hyderabad,P268,770,51
269,W001,Hyderabad,P269,807,117
270,W001,Hyderabad,P270,648,67
271,W001,Hyderabad,P271,963,67
272,W001,Hyderabad,P272,749,64
273,W001,Hyderabad,P273,464,61
274,W001,Hyderabad,P274,313,139
275,W001,Hyderabad,P275,908,127
276,W001,Hyderabad,P276,706,124
277,W001,Hyderabad,P277,785,142
278,W001,Hyderabad,P278,565,50
279,W001,Hyderabad,P279,262,124
280,W001,Hyderabad,P280,63,62
281,W001,Hyderabad,P281,731,133
282,W001,Hyderabad,P282,602,115
283,W001,Hyderabad,P283,845,147
284,W001,Hyderabad,P284,699,127
285,W001,Hyderabad,P285,228,70
286,W001,Hyderabad,P286,668,59
287,W001,Hyderabad,P287,201,40
288,W001,Hyderabad,P288,720,118
289,W001,Hyderabad,P289,714,89
290,W001,Hyderabad,P290,473,141
291,W001,Hyderabad,P291,165,110
292,W001,Hyderabad,P292,509,67
293,W001,Hyderabad,P293,754,86
294,W001,Hyderabad,P294,342,73
295,W001,Hyderabad,P295,78,127
296,W001,Hyderabad,P296,109,57
297,W001,Hyderabad,P297,841,138
298,W001,Hyderabad,P298,253,40
299,W001,Hyderabad,P299,418,142
300,W001,Hyderabad,P300,530,101
301,W001,Hyderabad,P301,144,58
302,W001,Hyderabad,P302,331,102
303,W001,Hyderabad,P303,564,47
304,W001,Hyderabad,P304,907,73
305,W001,Hyderabad,P305,992,107
306,W001,Hyderabad,P306,605,82
307,W001,Hyderabad,P307,406,115
308,W001,Hyderabad,P308,229,61
309,W001,Hyderabad,P309,478,141
310,W001,Hyderabad,P310,181,121
311,W001,Hyderabad,P311,799,82
312,W001,Hyderabad,P312,746,123
313,W001,Hyderabad,P313,586,87
314,W001,Hyderabad,P314,414,141
315,W001,Hyderabad,P315,927,98
316,W001,Hyderabad,P316,319,91
317,W001,Hyderabad,P317,488,53
318,W001,Hyderabad,P318,318,54
319,W001,Hyderabad,P319,888,61
320,W001,Hyderabad,P320,915,95
321,W001,Hyderabad,P321,325,119
322,W001,Hyderabad,P322,281,63
323,W001,Hyderabad,P323,419,135
324,W001,Hyderabad,P324,368,65
325,W001,Hyderabad,P325,409,135
326,W001,Hyderabad,P326,600,138
327,W001,Hyderabad,P327,615,124
328,W001,Hyderabad,P328,643,138
329,W001,Hyderabad,P329,420,131
330,W001,Hyderabad,P330,125,49
331,W001,Hyderabad,P331,126,44
332,W001,Hyderabad,P332,132,118
333,W001,Hyderabad,P333,829,67
334,W001,Hyderabad,P334,442,87
335,W001,Hyderabad,P335,591,125
336,W001,Hyderabad,P336,785,119
337,W001,Hyderabad,P337,753,83
338,W001,Hyderabad,P338,822,59
339,W001,Hyderabad,P339,384,61
340,W001,Hyderabad,P340,991,104
341,W001,Hyderabad,P341,167,91
342,W001,Hyderabad,P342,299,125
343,W001,Hyderabad,P343,983,82
344,W001,Hyderabad,P344,740,86
345,W001,Hyderabad,P345,402,47
346,W001,Hyderabad,P346,372,97
347,W001,Hyderabad,P347,312,134
348,W001,Hyderabad,P348,510,64
349,W001,Hyderabad,P349,342,53
350,W001,Hyderabad,P350,742,73
351,W001,Hyderabad,P351,451,77
352,W001,Hyderabad,P352,982,53
353,W001,Hyderabad,P353,52,113
354,W001,Hyderabad,P354,244,71
355,W001,Hyderabad,P355,531,145
356,W001,Hyderabad,P356,717,92
357,W001,Hyderabad,P357,744,51
358,W001,Hyderabad,P358,928,71
359,W001,Hyderabad,P359,196,118
360,W001,Hyderabad,P360,963,102
361,W001,Hyderabad,P361,914,56
362,W001,Hyderabad,P362,455,62
363,W001,Hyderabad,P363,358,102
364,W001,Hyderabad,P364,650,65
365,W001,Hyderabad,P365,813,114
366,W001,Hyderabad,P366,255,128
367,W001,Hyderabad,P367,655,55
368,W001,Hyderabad,P368,908,50
369,W001,Hyderabad,P369,874,106
370,W001,Hyderabad,P370,986,104
371,W001,Hyderabad,P371,548,145
372,W001,Hyderabad,P372,986,69
373,W001,Hyderabad,P373,575,102
374,W001,Hyderabad,P374,206,70
375,W001,Hyderabad,P375,558,112
376,W001,Hyderabad,P376,803,138
377,W001,Hyderabad,P377,552,59
378,W001,Hyderabad,P378,684,99
379,W001,Hyderabad,P379,365,88
380,W001,Hyderabad,P380,260,40
381,W001,Hyderabad,P381,792,122
382,W001,Hyderabad,P382,152,120
383,W001,Hyderabad,P383,225,88
384,W001,Hyderabad,P384,233,149
385,W001,Hyderabad,P385,977,69
386,W001,Hyderabad,P386,756,144
387,W001,Hyderabad,P387,996,105
388,W001,Hyderabad,P388,596,138
389,W001,Hyderabad,P389,707,142
390,W001,Hyderabad,P390,877,78
391,W001,Hyderabad,P391,76,141
392,W001,Hyderabad,P392,963,76
393,W001,Hyderabad,P393,588,96
394,W001,Hyderabad,P394,961,82
395,W001,Hyderabad,P395,866,73
396,W001,Hyderabad,P396,742,104
397,W001,Hyderabad,P397,962,110
398,W001,Hyderabad,P398,657,145
399,W001,Hyderabad,P399,811,49
400,W001,Hyderabad,P400,854,139
401,W002,Bangalore,P001,556,137
402,W002,Bangalore,P002,869,107
403,W002,Bangalore,P003,283,128
404,W002,Bangalore,P004,816,77
405,W002,Bangalore,P005,367,139
406,W002,Bangalore,P006,262,83
407,W002,Bangalore,P007,868,118
408,W002,Bangalore,P008,843,96
409,W002,Bangalore,P009,832,99
410,W002,Bangalore,P010,472,82
411,W002,Bangalore,P011,320,142
412,W002,Bangalore,P012,733,48
413,W002,Bangalore,P013,739,58
414,W002,Bangalore,P014,512,134
415,W002,Bangalore,P015,823,70
416,W002,Bangalore,P016,605,108
417,W002,Bangalore,P017,309,89
418,W002,Bangalore,P018,956,70
419,W002,Bangalore,P019,768,46
420,W002,Bangalore,P020,230,94
421,W002,Bangalore,P021,185,94
422,W002,Bangalore,P022,588,70
423,W002,Bangalore,P023,936,132
424,W002,Bangalore,P024,333,126
425,W002,Bangalore,P025,953,75
426,W002,Bangalore,P026,190,112
427,W002,Bangalore,P027,411,54
428,W002,Bangalore,P028,98,88
429,W002,Bangalore,P029,735,83
430,W002,Bangalore,P030,576,76
431,W002,Bangalore,P031,860,44
432,W002,Bangalore,P032,613,104
433,W002,Bangalore,P033,351,86
434,W002,Bangalore,P034,542,43
435,W002,Bangalore,P035,957,62
436,W002,Bangalore,P036,934,40
437,W002,Bangalore,P037,155,111
438,W002,Bangalore,P038,845,52
439,W002,Bangalore,P039,507,48
440,W002,Bangalore,P040,150,118
441,W002,Bangalore,P041,56,97
442,W002,Bangalore,P042,440,134
443,W002,Bangalore,P043,612,101
444,W002,Bangalore,P044,567,117
445,W002,Bangalore,P045,962,104
446,W002,Bangalore,P046,775,95
447,W002,Bangalore,P047,217,89
448,W002,Bangalore,P048,159,111
449,W002,Bangalore,P049,173,147
450,W002,Bangalore,P050,217,43
451,W002,Bangalore,P051,288,143
452,W002,Bangalore,P052,358,134
453,W002,Bangalore,P053,192,115
454,W002,Bangalore,P054,50,74
455,W002,Bangalore,P055,667,59
456,W002,Bangalore,P056,688,44
457,W002,Bangalore,P057,619,47
458,W002,Bangalore,P058,127,146
459,W002,Bangalore,P059,481,111
460,W002,Bangalore,P060,447,105
461,W002,Bangalore,P061,708,69
462,W002,Bangalore,P062,361,78
463,W002,Bangalore,P063,945,47
464,W002,Bangalore,P064,102,65
465,W002,Bangalore,P065,591,76
466,W002,Bangalore,P066,417,52
467,W002,Bangalore,P067,664,49
468,W002,Bangalore,P068,336,56
469,W002,Bangalore,P069,803,67
470,W002,Bangalore,P070,574,111
471,W002,Bangalore,P071,490,99
472,W002,Bangalore,P072,879,131
473,W002,Bangalore,P073,752,47
474,W002,Bangalore,P074,69,72
475,W002,Bangalore,P075,662,116
476,W002,Bangalore,P076,457,99
477,W002,Bangalore,P077,618,130
478,W002,Bangalore,P078,713,117
479,W002,Bangalore,P079,962,48
480,W002,Bangalore,P080,378,108
481,W002,Bangalore,P081,429,65
482,W002,Bangalore,P082,577,40
483,W002,Bangalore,P083,685,131
484,W002,Bangalore,P084,50,40
485,W002,Bangalore,P085,809,120
486,W002,Bangalore,P086,104,84
487,W002,Bangalore,P087,290,133
488,W002,Bangalore,P088,995,114
489,W002,Bangalore,P089,615,62
490,W002,Bangalore,P090,450,97
491,W002,Bangalore,P091,91,94
492,W002,Bangalore,P092,69,71
493,W002,Bangalore,P093,852,142
494,W002,Bangalore,P094,687,48
495,W002,Bangalore,P095,785,134
496,W002,Bangalore,P096,485,63
497,W002,Bangalore,P097,861,97
498,W002,Bangalore,P098,98,114
499,W002,Bangalore,P099,830,42
500,W002,Bangalore,P100,903,45
501,W002,Bangalore,P101,992,111
502,W002,Bangalore,P102,416,117
503,W002,Bangalore,P103,511,95
504,W002,Bangalore,P104,487,118
505,W002,Bangalore,P105,242,106
506,W002,Bangalore,P106,915,125
507,W002,Bangalore,P107,946,127
508,W002,Bangalore,P108,344,146
509,W002,Bangalore,P109,886,100
510,W002,Bangalore,P110,707,46
511,W002,Bangalore,P111,636,123
512,W002,Bangalore,P112,366,132
513,W002,Bangalore,P113,388,123
514,W002,Bangalore,P114,236,94
515,W002,Bangalore,P115,918,132
516,W002,Bangalore,P116,713,127
517,W002,Bangalore,P117,965,128
518,W002,Bangalore,P118,250,120
519,W002,Bangalore,P119,416,124
520,W002,Bangalore,P120,155,53
521,W002,Bangalore,P121,608,143
522,W002,Bangalore,P122,620,50
523,W002,Bangalore,P123,975,105
524,W002,Bangalore,P124,951,41
525,W002,Bangalore,P125,782,94
526,W002,Bangalore,P126,948,45
527,W002,Bangalore,P127,390,121
528,W002,Bangalore,P128,152,67
529,W002,Bangalore,P129,329,112
530,W002,Bangalore,P130,610,64
531,W002,Bangalore,P131,844,77
532,W002,Bangalore,P132,968,58
533,W002,Bangalore,P133,927,69
534,W002,Bangalore,P134,200,149
535,W002,Bangalore,P135,253,65
536,W002,Bangalore,P136,547,149
537,W002,Bangalore,P137,533,89
538,W002,Bangalore,P138,725,81
539,W002,Bangalore,P139,271,46
540,W002,Bangalore,P140,802,99
541,W002,Bangalore,P141,963,43
542,W002,Bangalore,P142,206,60
543,W002,Bangalore,P143,522,46
544,W002,Bangalore,P144,537,69
545,W002,Bangalore,P145,666,130
546,W002,Bangalore,P146,830,51
547,W002,Bangalore,P147,647,43
548,W002,Bangalore,P148,676,88
549,W002,Bangalore,P149,895,46
550,W002,Bangalore,P150,857,62
551,W002,Bangalore,P151,252,150
552,W002,Bangalore,P152,772,74
553,W002,Bangalore,P153,435,116
554,W002,Bangalore,P154,368,97
555,W002,Bangalore,P155,195,61
556,W002,Bangalore,P156,399,87
557,W002,Bangalore,P157,687,98
558,W002,Bangalore,P158,886,127
559,W002,Bangalore,P159,290,49
560,W002,Bangalore,P160,601,106
561,W002,Bangalore,P161,945,127
562,W002,Bangalore,P162,931,86
563,W002,Bangalore,P163,586,67
564,W002,Bangalore,P164,987,138
565,W002,Bangalore,P165,652,89
566,W002,Bangalore,P166,182,150
567,W002,Bangalore,P167,915,110
568,W002,Bangalore,P168,899,48
569,W002,Bangalore,P169,405,89
570,W002,Bangalore,P170,489,87
571,W002,Bangalore,P171,194,104
572,W002,Bangalore,P172,795,63
573,W002,Bangalore,P173,984,97
574,W002,Bangalore,P174,674,116
575,W002,Bangalore,P175,726,147
576,W002,Bangalore,P176,985,66
577,W002,Bangalore,P177,525,102
578,W002,Bangalore,P178,67,41
579,W002,Bangalore,P179,936,109
580,W002,Bangalore,P180,763,142
581,W002,Bangalore,P181,246,103
582,W002,Bangalore,P182,976,129
583,W002,Bangalore,P183,249,56
584,W002,Bangalore,P184,930,145
585,W002,Bangalore,P185,678,61
586,W002,Bangalore,P186,292,146
587,W002,Bangalore,P187,1000,65
588,W002,Bangalore,P188,131,45
589,W002,Bangalore,P189,482,109
590,W002,Bangalore,P190,516,146
591,W002,Bangalore,P191,991,106
592,W002,Bangalore,P192,61,110
593,W002,Bangalore,P193,758,117
594,W002,Bangalore,P194,556,58
595,W002,Bangalore,P195,344,59
596,W002,Bangalore,P196,62,66
597,W002,Bangalore,P197,116,87
598,W002,Bangalore,P198,899,147
599,W002,Bangalore,P199,95,104
600,W002,Bangalore,P200,587,124
601,W002,Bangalore,P201,771,55
602,W002,Bangalore,P202,887,78
603,W002,Bangalore,P203,647,90
604,W002,Bangalore,P204,762,68
605,W002,Bangalore,P205,747,51
606,W002,Bangalore,P206,580,145
607,W002,Bangalore,P207,707,53
608,W002,Bangalore,P208,356,49
609,W002,Bangalore,P209,202,103
610,W002,Bangalore,P210,253,55
611,W002,Bangalore,P211,974,147
612,W002,Bangalore,P212,452,62
613,W002,Bangalore,P213,667,144
614,W002,Bangalore,P214,350,75
615,W002,Bangalore,P215,694,147
616,W002,Bangalore,P216,969,114
617,W002,Bangalore,P217,791,137
618,W002,Bangalore,P218,562,108
619,W002,Bangalore,P219,264,102
620,W002,Bangalore,P220,764,104
621,W002,Bangalore,P221,732,79
622,W002,Bangalore,P222,185,143
623,W002,Bangalore,P223,737,53
624,W002,Bangalore,P224,619,129
625,W002,Bangalore,P225,463,70
626,W002,Bangalore,P226,338,110
627,W002,Bangalore,P227,856,130
628,W002,Bangalore,P228,531,98
629,W002,Bangalore,P229,297,78
630,W002,Bangalore,P230,634,94
631,W002,Bangalore,P231,598,100
632,W002,Bangalore,P232,113,114
633,W002,Bangalore,P233,337,82
634,W002,Bangalore,P234,431,50
635,W002,Bangalore,P235,108,88
636,W002,Bangalore,P236,996,93
637,W002,Bangalore,P237,156,90
638,W002,Bangalore,P238,282,113
639,W002,Bangalore,P239,826,137
640,W002,Bangalore,P240,716,118
641,W002,Bangalore,P241,794,56
642,W002,Bangalore,P242,628,46
643,W002,Bangalore,P243,246,48
644,W002,Bangalore,P244,787,149
645,W002,Bangalore,P245,177,110
646,W002,Bangalore,P246,324,99
647,W002,Bangalore,P247,419,98
648,W002,Bangalore,P248,602,97
649,W002,Bangalore,P249,821,97
650,W002,Bangalore,P250,465,75
651,W002,Bangalore,P251,916,92
652,W002,Bangalore,P252,78,90
653,W002,Bangalore,P253,748,118
654,W002,Bangalore,P254,867,135
655,W002,Bangalore,P255,671,58
656,W002,Bangalore,P256,671,78
657,W002,Bangalore,P257,789,103
658,W002,Bangalore,P258,952,41
659,W002,Bangalore,P259,233,147
660,W002,Bangalore,P260,692,89
661,W002,Bangalore,P261,999,102
662,W002,Bangalore,P262,608,93
663,W002,Bangalore,P263,683,124
664,W002,Bangalore,P264,641,42
665,W002,Bangalore,P265,700,72
666,W002,Bangalore,P266,482,75
667,W002,Bangalore,P267,368,117
668,W002,Bangalore,P268,397,124
669,W002,Bangalore,P269,926,128
670,W002,Bangalore,P270,697,45
671,W002,Bangalore,P271,743,66
672,W002,Bangalore,P272,165,42
673,W002,Bangalore,P273,733,75
674,W002,Bangalore,P274,584,48
675,W002,Bangalore,P275,974,147
676,W002,Bangalore,P276,956,93
677,W002,Bangalore,P277,534,101
678,W002,Bangalore,P278,531,49
679,W002,Bangalore,P279,300,132
680,W002,Bangalore,P280,176,129
681,W002,Bangalore,P281,473,122
682,W002,Bangalore,P282,281,124
683,W002,Bangalore,P283,544,45
684,W002,Bangalore,P284,900,72
685,W002,Bangalore,P285,546,40
686,W002,Bangalore,P286,428,134
687,W002,Bangalore,P287,268,95
688,W002,Bangalore,P288,322,46
689,W002,Bangalore,P289,550,133
690,W002,Bangalore,P290,528,41
691,W002,Bangalore,P291,492,86
692,W002,Bangalore,P292,580,73
693,W002,Bangalore,P293,708,104
694,W002,Bangalore,P294,749,148
695,W002,Bangalore,P295,141,50
696,W002,Bangalore,P296,187,67
697,W002,Bangalore,P297,667,110
698,W002,Bangalore,P298,344,136
699,W002,Bangalore,P299,845,133
700,W002,Bangalore,P300,859,53
701,W002,Bangalore,P301,625,132
702,W002,Bangalore,P302,257,54
703,W002,Bangalore,P303,78,108
704,W002,Bangalore,P304,845,83
705,W002,Bangalore,P305,452,74
706,W002,Bangalore,P306,764,67
707,W002,Bangalore,P307,946,59
708,W002,Bangalore,P308,451,126
709,W002,Bangalore,P309,578,94
710,W002,Bangalore,P310,910,54
711,W002,Bangalore,P311,214,74
712,W002,Bangalore,P312,101,114
713,W002,Bangalore,P313,199,66
714,W002,Bangalore,P314,58,130
715,W002,Bangalore,P315,358,107
716,W002,Bangalore,P316,431,81
717,W002,Bangalore,P317,58,114
718,W002,Bangalore,P318,405,113
719,W002,Bangalore,P319,468,63
720,W002,Bangalore,P320,591,99
721,W002,Bangalore,P321,335,130
722,W002,Bangalore,P322,670,111
723,W002,Bangalore,P323,104,98
724,W002,Bangalore,P324,678,94
725,W002,Bangalore,P325,52,115
726,W002,Bangalore,P326,199,90
727,W002,Bangalore,P327,685,52
728,W002,Bangalore,P328,87,91
729,W002,Bangalore,P329,395,132
730,W002,Bangalore,P330,552,71
731,W002,Bangalore,P331,299,53
732,W002,Bangalore,P332,392,79
733,W002,Bangalore,P333,861,70
734,W002,Bangalore,P334,597,66
735,W002,Bangalore,P335,872,127
736,W002,Bangalore,P336,717,55
737,W002,Bangalore,P337,55,103
738,W002,Bangalore,P338,880,113
739,W002,Bangalore,P339,227,73
740,W002,Bangalore,P340,117,114
741,W002,Bangalore,P341,439,121
742,W002,Bangalore,P342,971,54
743,W002,Bangalore,P343,961,54
744,W002,Bangalore,P344,562,62
745,W002,Bangalore,P345,177,125
746,W002,Bangalore,P346,231,98
747,W002,Bangalore,P347,704,126
748,W002,Bangalore,P348,962,59
749,W002,Bangalore,P349,900,52
750,W002,Bangalore,P350,385,148
751,W002,Bangalore,P351,562,149
752,W002,Bangalore,P352,649,58
753,W002,Bangalore,P353,730,129
754,W002,Bangalore,P354,198,130
755,W002,Bangalore,P355,643,95
756,W002,Bangalore,P356,613,133
757,W002,Bangalore,P357,699,46
758,W002,Bangalore,P358,901,105
759,W002,Bangalore,P359,497,128
760,W002,Bangalore,P360,745,74
761,W002,Bangalore,P361,378,108
762,W002,Bangalore,P362,677,77
763,W002,Bangalore,P363,805,139
764,W002,Bangalore,P364,970,121
765,W002,Bangalore,P365,191,83
766,W002,Bangalore,P366,627,148
767,W002,Bangalore,P367,318,110
768,W002,Bangalore,P368,919,104
769,W002,Bangalore,P369,492,108
770,W002,Bangalore,P370,847,122
771,W002,Bangalore,P371,678,138
772,W002,Bangalore,P372,219,107
773,W002,Bangalore,P373,322,106
774,W002,Bangalore,P374,843,123
775,W002,Bangalore,P375,716,143
776,W002,Bangalore,P376,183,90
777,W002,Bangalore,P377,751,40
778,W002,Bangalore,P378,710,90
779,W002,Bangalore,P379,719,44
780,W002,Bangalore,P380,113,76
781,W002,Bangalore,P381,456,124
782,W002,Bangalore,P382,913,124
783,W002,Bangalore,P383,692,130
784,W002,Bangalore,P384,770,108
785,W002,Bangalore,P385,148,130
786,W002,Bangalore,P386,894,136
787,W002,Bangalore,P387,823,149
788,W002,Bangalore,P388,558,104
789,W002,Bangalore,P389,797,102
790,W002,Bangalore,P390,577,46
791,W002,Bangalore,P391,820,74
792,W002,Bangalore,P392,418,112
793,W002,Bangalore,P393,710,97
794,W002,Bangalore,P394,196,106
795,W002,Bangalore,P395,389,139
796,W002,Bangalore,P396,860,105
797,W002,Bangalore,P397,557,72
798,W002,Bangalore,P398,843,141
799,W002,Bangalore,P399,118,122
800,W002,Bangalore,P400,141,53
801,W003,Chennai,P001,238,113
802,W003,Chennai,P002,917,138
803,W003,Chennai,P003,373,138
804,W003,Chennai,P004,619,136
805,W003,Chennai,P005,561,52
806,W003,Chennai,P006,517,50
807,W003,Chennai,P007,468,102
808,W003,Chennai,P008,201,79
809,W003,Chennai,P009,94,67
810,W003,Chennai,P010,999,136
811,W003,Chennai,P011,416,113
812,W003,Chennai,P012,450,97
813,W003,Chennai,P013,629,46
814,W003,Chennai,P014,463,48
815,W003,Chennai,P015,927,63
816,W003,Chennai,P016,359,125
817,W003,Chennai,P017,134,114
818,W003,Chennai,P018,387,74
819,W003,Chennai,P019,376,88
820,W003,Chennai,P020,121,97
821,W003,Chennai,P021,196,129
822,W003,Chennai,P022,353,148
823,W003,Chennai,P023,65,54
824,W003,Chennai,P024,890,144
825,W003,Chennai,P025,122,105
826,W003,Chennai,P026,62,74
827,W003,Chennai,P027,288,78
828,W003,Chennai,P028,532,100
829,W003,Chennai,P029,80,93
830,W003,Chennai,P030,458,62
831,W003,Chennai,P031,804,63
832,W003,Chennai,P032,815,106
833,W003,Chennai,P033,197,120
834,W003,Chennai,P034,115,54
835,W003,Chennai,P035,443,124
836,W003,Chennai,P036,509,118
837,W003,Chennai,P037,860,49
838,W003,Chennai,P038,411,78
839,W003,Chennai,P039,212,99
840,W003,Chennai,P040,183,120
841,W003,Chennai,P041,245,111
842,W003,Chennai,P042,286,48
843,W003,Chennai,P043,452,118
844,W003,Chennai,P044,464,111
845,W003,Chennai,P045,170,146
846,W003,Chennai,P046,791,60
847,W003,Chennai,P047,139,50
848,W003,Chennai,P048,636,120
849,W003,Chennai,P049,952,88
850,W003,Chennai,P050,278,88
851,W003,Chennai,P051,271,45
852,W003,Chennai,P052,663,97
853,W003,Chennai,P053,869,96
854,W003,Chennai,P054,124,59
855,W003,Chennai,P055,849,100
856,W003,Chennai,P056,219,148
857,W003,Chennai,P057,878,71
858,W003,Chennai,P058,697,83
859,W003,Chennai,P059,127,55
860,W003,Chennai,P060,511,74
861,W003,Chennai,P061,301,99
862,W003,Chennai,P062,647,119
863,W003,Chennai,P063,797,96
864,W003,Chennai,P064,948,62
865,W003,Chennai,P065,782,45
866,W003,Chennai,P066,297,90
867,W003,Chennai,P067,248,51
868,W003,Chennai,P068,446,70
869,W003,Chennai,P069,142,71
870,W003,Chennai,P070,572,44
871,W003,Chennai,P071,370,43
872,W003,Chennai,P072,782,93
873,W003,Chennai,P073,968,127
874,W003,Chennai,P074,201,104
875,W003,Chennai,P075,648,98
876,W003,Chennai,P076,292,50
877,W003,Chennai,P077,773,55
878,W003,Chennai,P078,751,48
879,W003,Chennai,P079,388,119
880,W003,Chennai,P080,955,55
881,W003,Chennai,P081,767,87
882,W003,Chennai,P082,763,42
883,W003,Chennai,P083,323,115
884,W003,Chennai,P084,789,128
885,W003,Chennai,P085,950,121
886,W003,Chennai,P086,241,77
887,W003,Chennai,P087,737,140
888,W003,Chennai,P088,451,147
889,W003,Chennai,P089,675,54
890,W003,Chennai,P090,272,150
891,W003,Chennai,P091,889,53
892,W003,Chennai,P092,339,123
893,W003,Chennai,P093,1000,120
894,W003,Chennai,P094,941,77
895,W003,Chennai,P095,372,143
896,W003,Chennai,P096,560,120
897,W003,Chennai,P097,766,74
898,W003,Chennai,P098,796,136
899,W003,Chennai,P099,400,54
900,W003,Chennai,P100,874,71
901,W003,Chennai,P101,451,40
902,W003,Chennai,P102,461,90
903,W003,Chennai,P103,571,137
904,W003,Chennai,P104,431,150
905,W003,Chennai,P105,984,84
906,W003,Chennai,P106,74,88
907,W003,Chennai,P107,173,134
908,W003,Chennai,P108,517,133
909,W003,Chennai,P109,133,128
910,W003,Chennai,P110,785,132
911,W003,Chennai,P111,405,122
912,W003,Chennai,P112,295,109
913,W003,Chennai,P113,861,85
914,W003,Chennai,P114,493,50
915,W003,Chennai,P115,123,84
916,W003,Chennai,P116,56,80
917,W003,Chennai,P117,996,143
918,W003,Chennai,P118,373,62
919,W003,Chennai,P119,502,88
920,W003,Chennai,P120,293,40
921,W003,Chennai,P121,638,121
922,W003,Chennai,P122,331,102
923,W003,Chennai,P123,310,142
924,W003,Chennai,P124,847,124
925,W003,Chennai,P125,653,124
926,W003,Chennai,P126,62,60
927,W003,Chennai,P127,733,143
928,W003,Chennai,P128,287,98
929,W003,Chennai,P129,527,96
930,W003,Chennai,P130,564,129
931,W003,Chennai,P131,771,141
932,W003,Chennai,P132,822,107
933,W003,Chennai,P133,314,123
934,W003,Chennai,P134,631,86
935,W003,Chennai,P135,972,141
936,W003,Chennai,P136,768,120
937,W003,Chennai,P137,79,40
938,W003,Chennai,P138,994,111
939,W003,Chennai,P139,521,136
940,W003,Chennai,P140,639,46
941,W003,Chennai,P141,780,128
942,W003,Chennai,P142,688,56
943,W003,Chennai,P143,330,112
944,W003,Chennai,P144,261,73
945,W003,Chennai,P145,692,91
946,W003,Chennai,P146,562,70
947,W003,Chennai,P147,298,99
948,W003,Chennai,P148,483,131
949,W003,Chennai,P149,506,47
950,W003,Chennai,P150,363,42
951,W003,Chennai,P151,518,143
952,W003,Chennai,P152,819,75
953,W003,Chennai,P153,830,108
954,W003,Chennai,P154,73,129
955,W003,Chennai,P155,922,87
956,W003,Chennai,P156,251,90
957,W003,Chennai,P157,586,116
958,W003,Chennai,P158,191,140
959,W003,Chennai,P159,508,65
960,W003,Chennai,P160,638,73
961,W003,Chennai,P161,95,150
962,W003,Chennai,P162,401,134
963,W003,Chennai,P163,831,140
964,W003,Chennai,P164,61,84
965,W003,Chennai,P165,227,63
966,W003,Chennai,P166,368,139
967,W003,Chennai,P167,953,51
968,W003,Chennai,P168,410,76
969,W003,Chennai,P169,867,131
970,W003,Chennai,P170,351,41
971,W003,Chennai,P171,101,46
972,W003,Chennai,P172,696,55
973,W003,Chennai,P173,733,120
974,W003,Chennai,P174,280,75
975,W003,Chennai,P175,731,113
976,W003,Chennai,P176,684,145
977,W003,Chennai,P177,429,111
978,W003,Chennai,P178,175,57
979,W003,Chennai,P179,604,45
980,W003,Chennai,P180,83,43
981,W003,Chennai,P181,828,91
982,W003,Chennai,P182,726,43
983,W003,Chennai,P183,383,40
984,W003,Chennai,P184,998,124
985,W003,Chennai,P185,429,114
986,W003,Chennai,P186,815,45
987,W003,Chennai,P187,322,89
988,W003,Chennai,P188,126,123
989,W003,Chennai,P189,485,88
990,W003,Chennai,P190,552,122
991,W003,Chennai,P191,451,78
992,W003,Chennai,P192,556,40
993,W003,Chennai,P193,830,145
994,W003,Chennai,P194,241,93
995,W003,Chennai,P195,328,110
996,W003,Chennai,P196,905,77
997,W003,Chennai,P197,275,78
998,W003,Chennai,P198,136,65
999,W003,Chennai,P199,388,107
1000,W003,Chennai,P200,227,135
1001,W003,Chennai,P201,990,133
1002,W003,Chennai,P202,579,115
1003,W003,Chennai,P203,800,82
1004,W003,Chennai,P204,554,45
1005,W003,Chennai,P205,853,94
1006,W003,Chennai,P206,351,101
1007,W003,Chennai,P207,752,123
1008,W003,Chennai,P208,273,141
1009,W003,Chennai,P209,978,87
1010,W003,Chennai,P210,718,59
1011,W003,Chennai,P211,223,113
1012,W003,Chennai,P212,970,122
1013,W003,Chennai,P213,294,53
1014,W003,Chennai,P214,367,134
1015,W003,Chennai,P215,166,86
1016,W003,Chennai,P216,902,99
1017,W003,Chennai,P217,332,120
1018,W003,Chennai,P218,394,49
1019,W003,Chennai,P219,560,109
1020,W003,Chennai,P220,303,121
1021,W003,Chennai,P221,137,90
1022,W003,Chennai,P222,67,53
1023,W003,Chennai,P223,934,45
1024,W003,Chennai,P224,883,119
1025,W003,Chennai,P225,159,55
1026,W003,Chennai,P226,80,91
1027,W003,Chennai,P227,652,61
1028,W003,Chennai,P228,568,115
1029,W003,Chennai,P229,895,150
1030,W003,Chennai,P230,458,67
1031,W003,Chennai,P231,926,77
1032,W003,Chennai,P232,842,72
1033,W003,Chennai,P233,656,99
1034,W003,Chennai,P234,128,61
1035,W003,Chennai,P235,332,105
1036,W003,Chennai,P236,112,128
1037,W003,Chennai,P237,310,62
1038,W003,Chennai,P238,535,146
1039,W003,Chennai,P239,120,112
1040,W003,Chennai,P240,629,53
1041,W003,Chennai,P241,483,127
1042,W003,Chennai,P242,146,101
1043,W003,Chennai,P243,271,45
1044,W003,Chennai,P244,438,123
1045,W003,Chennai,P245,580,66
1046,W003,Chennai,P246,82,42
1047,W003,Chennai,P247,139,83
1048,W003,Chennai,P248,687,92
1049,W003,Chennai,P249,758,117
1050,W003,Chennai,P250,467,80
1051,W003,Chennai,P251,888,121
1052,W003,Chennai,P252,211,106
1053,W003,Chennai,P253,722,51
1054,W003,Chennai,P254,684,139
1055,W003,Chennai,P255,202,68
1056,W003,Chennai,P256,948,134
1057,W003,Chennai,P257,806,82
1058,W003,Chennai,P258,229,126
1059,W003,Chennai,P259,171,60
1060,W003,Chennai,P260,317,98
1061,W003,Chennai,P261,574,86
1062,W003,Chennai,P262,191,62
1063,W003,Chennai,P263,809,120
1064,W003,Chennai,P264,938,99
1065,W003,Chennai,P265,460,41
1066,W003,Chennai,P266,438,117
1067,W003,Chennai,P267,687,90
1068,W003,Chennai,P268,795,113
1069,W003,Chennai,P269,924,107
1070,W003,Chennai,P270,609,135
1071,W003,Chennai,P271,753,63
1072,W003,Chennai,P272,830,42
1073,W003,Chennai,P273,70,126
1074,W003,Chennai,P274,925,79
1075,W003,Chennai,P275,557,89
1076,W003,Chennai,P276,990,44
1077,W003,Chennai,P277,785,111
1078,W003,Chennai,P278,556,68
1079,W003,Chennai,P279,398,105
1080,W003,Chennai,P280,88,105
1081,W003,Chennai,P281,314,66
1082,W003,Chennai,P282,527,110
1083,W003,Chennai,P283,501,102
1084,W003,Chennai,P284,832,114
1085,W003,Chennai,P285,878,76
1086,W003,Chennai,P286,866,150
1087,W003,Chennai,P287,230,112
1088,W003,Chennai,P288,474,76
1089,W003,Chennai,P289,491,107
1090,W003,Chennai,P290,196,82
1091,W003,Chennai,P291,846,54
1092,W003,Chennai,P292,514,146
1093,W003,Chennai,P293,65,145
1094,W003,Chennai,P294,795,80
1095,W003,Chennai,P295,881,91
1096,W003,Chennai,P296,377,100
1097,W003,Chennai,P297,563,94
1098,W003,Chennai,P298,480,91
1099,W003,Chennai,P299,151,61
1100,W003,Chennai,P300,220,108
1101,W003,Chennai,P301,233,54
1102,W003,Chennai,P302,259,112
1103,W003,Chennai,P303,763,58
1104,W003,Chennai,P304,169,89
1105,W003,Chennai,P305,62,64
1106,W003,Chennai,P306,575,120
1107,W003,Chennai,P307,388,146
1108,W003,Chennai,P308,869,149
1109,W003,Chennai,P309,269,94
1110,W003,Chennai,P310,729,142
1111,W003,Chennai,P311,268,68
1112,W003,Chennai,P312,124,87
1113,W003,Chennai,P313,602,111
1114,W003,Chennai,P314,446,90
1115,W003,Chennai,P315,915,69
1116,W003,Chennai,P316,515,137
1117,W003,Chennai,P317,545,48
1118,W003,Chennai,P318,769,64
1119,W003,Chennai,P319,860,53
1120,W003,Chennai,P320,407,108
1121,W003,Chennai,P321,402,132
1122,W003,Chennai,P322,598,143
1123,W003,Chennai,P323,920,117
1124,W003,Chennai,P324,493,58
1125,W003,Chennai,P325,892,96
1126,W003,Chennai,P326,630,74
1127,W003,Chennai,P327,543,108
1128,W003,Chennai,P328,711,63
1129,W003,Chennai,P329,334,63
1130,W003,Chennai,P330,507,127
1131,W003,Chennai,P331,924,67
1132,W003,Chennai,P332,814,41
1133,W003,Chennai,P333,344,126
1134,W003,Chennai,P334,189,149
1135,W003,Chennai,P335,716,96
1136,W003,Chennai,P336,740,149
1137,W003,Chennai,P337,508,107
1138,W003,Chennai,P338,707,70
1139,W003,Chennai,P339,859,103
1140,W003,Chennai,P340,536,103
1141,W003,Chennai,P341,137,59
1142,W003,Chennai,P342,583,94
1143,W003,Chennai,P343,186,48
1144,W003,Chennai,P344,107,106
1145,W003,Chennai,P345,404,125
1146,W003,Chennai,P346,550,115
1147,W003,Chennai,P347,203,108
1148,W003,Chennai,P348,824,90
1149,W003,Chennai,P349,695,78
1150,W003,Chennai,P350,766,115
1151,W003,Chennai,P351,426,48
1152,W003,Chennai,P352,818,110
1153,W003,Chennai,P353,643,102
1154,W003,Chennai,P354,959,103
1155,W003,Chennai,P355,258,143
1156,W003,Chennai,P356,437,93
1157,W003,Chennai,P357,381,71
1158,W003,Chennai,P358,449,56
1159,W003,Chennai,P359,730,70
1160,W003,Chennai,P360,377,116
1161,W003,Chennai,P361,843,69
1162,W003,Chennai,P362,962,65
1163,W003,Chennai,P363,152,84
1164,W003,Chennai,P364,265,54
1165,W003,Chennai,P365,536,78
1166,W003,Chennai,P366,825,149
1167,W003,Chennai,P367,730,50
1168,W003,Chennai,P368,702,58
1169,W003,Chennai,P369,543,114
1170,W003,Chennai,P370,553,96
1171,W003,Chennai,P371,478,144
1172,W003,Chennai,P372,56,86
1173,W003,Chennai,P373,623,139
1174,W003,Chennai,P374,985,127
1175,W003,Chennai,P375,576,134
1176,W003,Chennai,P376,555,78
1177,W003,Chennai,P377,316,112
1178,W003,Chennai,P378,764,58
1179,W003,Chennai,P379,668,102
1180,W003,Chennai,P380,53,102
1181,W003,Chennai,P381,50,106
1182,W003,Chennai,P382,664,115
1183,W003,Chennai,P383,313,42
1184,W003,Chennai,P384,980,51
1185,W003,Chennai,P385,714,46
1186,W003,Chennai,P386,809,46
1187,W003,Chennai,P387,926,70
1188,W003,Chennai,P388,628,115
1189,W003,Chennai,P389,823,86
1190,W003,Chennai,P390,438,112
1191,W003,Chennai,P391,668,127
1192,W003,Chennai,P392,186,112
1193,W003,Chennai,P393,542,130
1194,W003,Chennai,P394,922,148
1195,W003,Chennai,P395,541,125
1196,W003,Chennai,P396,644,61
1197,W003,Chennai,P397,851,49
1198,W003,Chennai,P398,481,141
1199,W003,Chennai,P399,225,42
1200,W003,Chennai,P400,655,41
1201,W004,Mumbai,P001,405,74
1202,W004,Mumbai,P002,219,124
1203,W004,Mumbai,P003,601,50
1204,W004,Mumbai,P004,537,98
1205,W004,Mumbai,P005,942,130
1206,W004,Mumbai,P006,663,103
1207,W004,Mumbai,P007,929,101
1208,W004,Mumbai,P008,991,130
1209,W004,Mumbai,P009,275,61
1210,W004,Mumbai,P010,751,124
1211,W004,Mumbai,P011,339,61
1212,W004,Mumbai,P012,108,59
1213,W004,Mumbai,P013,856,101
1214,W004,Mumbai,P014,75,56
1215,W004,Mumbai,P015,601,56
1216,W004,Mumbai,P016,305,124
1217,W004,Mumbai,P017,532,146
1218,W004,Mumbai,P018,490,129
1219,W004,Mumbai,P019,690,52
1220,W004,Mumbai,P020,203,85
1221,W004,Mumbai,P021,71,66
1222,W004,Mumbai,P022,528,131
1223,W004,Mumbai,P023,940,140
1224,W004,Mumbai,P024,884,60
1225,W004,Mumbai,P025,597,64
1226,W004,Mumbai,P026,460,58
1227,W004,Mumbai,P027,871,66
1228,W004,Mumbai,P028,151,125
1229,W004,Mumbai,P029,288,81
1230,W004,Mumbai,P030,824,85
1231,W004,Mumbai,P031,708,55
1232,W004,Mumbai,P032,489,138
1233,W004,Mumbai,P033,232,147
1234,W004,Mumbai,P034,270,58
1235,W004,Mumbai,P035,262,123
1236,W004,Mumbai,P036,72,75
1237,W004,Mumbai,P037,498,102
1238,W004,Mumbai,P038,605,46
1239,W004,Mumbai,P039,924,45
1240,W004,Mumbai,P040,166,138
1241,W004,Mumbai,P041,472,52
1242,W004,Mumbai,P042,256,76
1243,W004,Mumbai,P043,717,87
1244,W004,Mumbai,P044,241,87
1245,W004,Mumbai,P045,91,81
1246,W004,Mumbai,P046,98,100
1247,W004,Mumbai,P047,117,55
1248,W004,Mumbai,P048,546,130
1249,W004,Mumbai,P049,168,144
1250,W004,Mumbai,P050,371,54
1251,W004,Mumbai,P051,595,54
1252,W004,Mumbai,P052,293,113
1253,W004,Mumbai,P053,634,93
1254,W004,Mumbai,P054,424,100
1255,W004,Mumbai,P055,579,64
1256,W004,Mumbai,P056,795,62
1257,W004,Mumbai,P057,297,66
1258,W004,Mumbai,P058,482,125
1259,W004,Mumbai,P059,875,115
1260,W004,Mumbai,P060,508,74
1261,W004,Mumbai,P061,736,64
1262,W004,Mumbai,P062,417,100
1263,W004,Mumbai,P063,462,60
1264,W004,Mumbai,P064,632,76
1265,W004,Mumbai,P065,203,45
1266,W004,Mumbai,P066,137,51
1267,W004,Mumbai,P067,103,107
1268,W004,Mumbai,P068,475,107
1269,W004,Mumbai,P069,78,134
1270,W004,Mumbai,P070,475,65
1271,W004,Mumbai,P071,623,139
1272,W004,Mumbai,P072,300,89
1273,W004,Mumbai,P073,296,141
1274,W004,Mumbai,P074,252,64
1275,W004,Mumbai,P075,389,67
1276,W004,Mumbai,P076,882,146
1277,W004,Mumbai,P077,811,41
1278,W004,Mumbai,P078,579,134
1279,W004,Mumbai,P079,787,64
1280,W004,Mumbai,P080,292,104
1281,W004,Mumbai,P081,739,141
1282,W004,Mumbai,P082,336,123
1283,W004,Mumbai,P083,85,102
1284,W004,Mumbai,P084,633,117
1285,W004,Mumbai,P085,781,58
1286,W004,Mumbai,P086,602,44
1287,W004,Mumbai,P087,525,85
1288,W004,Mumbai,P088,343,88
1289,W004,Mumbai,P089,431,67
1290,W004,Mumbai,P090,101,57
1291,W004,Mumbai,P091,116,95
1292,W004,Mumbai,P092,540,126
1293,W004,Mumbai,P093,826,66
1294,W004,Mumbai,P094,100,48
1295,W004,Mumbai,P095,573,67
1296,W004,Mumbai,P096,604,112
1297,W004,Mumbai,P097,984,57
1298,W004,Mumbai,P098,791,62
1299,W004,Mumbai,P099,237,135
1300,W004,Mumbai,P100,324,41
1301,W004,Mumbai,P101,585,95
1302,W004,Mumbai,P102,186,138
1303,W004,Mumbai,P103,463,52
1304,W004,Mumbai,P104,62,61
1305,W004,Mumbai,P105,828,111
1306,W004,Mumbai,P106,646,129
1307,W004,Mumbai,P107,219,108
1308,W004,Mumbai,P108,702,80
1309,W004,Mumbai,P109,730,93
1310,W004,Mumbai,P110,685,56
1311,W004,Mumbai,P111,275,41
1312,W004,Mumbai,P112,782,147
1313,W004,Mumbai,P113,699,89
1314,W004,Mumbai,P114,584,55
1315,W004,Mumbai,P115,796,141
1316,W004,Mumbai,P116,895,99
1317,W004,Mumbai,P117,570,131
1318,W004,Mumbai,P118,524,75
1319,W004,Mumbai,P119,706,54
1320,W004,Mumbai,P120,376,135
1321,W004,Mumbai,P121,824,72
1322,W004,Mumbai,P122,961,124
1323,W004,Mumbai,P123,552,143
1324,W004,Mumbai,P124,717,135
1325,W004,Mumbai,P125,698,55
1326,W004,Mumbai,P126,619,69
1327,W004,Mumbai,P127,120,102
1328,W004,Mumbai,P128,428,71
1329,W004,Mumbai,P129,925,88
1330,W004,Mumbai,P130,373,86
1331,W004,Mumbai,P131,378,144
1332,W004,Mumbai,P132,495,49
1333,W004,Mumbai,P133,537,82
1334,W004,Mumbai,P134,788,79
1335,W004,Mumbai,P135,737,121
1336,W004,Mumbai,P136,73,73
1337,W004,Mumbai,P137,641,75
1338,W004,Mumbai,P138,880,85
1339,W004,Mumbai,P139,620,130
1340,W004,Mumbai,P140,793,77
1341,W004,Mumbai,P141,201,72
1342,W004,Mumbai,P142,752,114
1343,W004,Mumbai,P143,609,134
1344,W004,Mumbai,P144,542,144
1345,W004,Mumbai,P145,836,138
1346,W004,Mumbai,P146,140,115
1347,W004,Mumbai,P147,266,67
1348,W004,Mumbai,P148,908,118
1349,W004,Mumbai,P149,246,84
1350,W004,Mumbai,P150,619,59
1351,W004,Mumbai,P151,309,65
1352,W004,Mumbai,P152,183,142
1353,W004,Mumbai,P153,924,57
1354,W004,Mumbai,P154,687,51
1355,W004,Mumbai,P155,293,47
1356,W004,Mumbai,P156,534,136
1357,W004,Mumbai,P157,517,101
1358,W004,Mumbai,P158,954,81
1359,W004,Mumbai,P159,578,64
1360,W004,Mumbai,P160,812,127
1361,W004,Mumbai,P161,239,66
1362,W004,Mumbai,P162,588,147
1363,W004,Mumbai,P163,881,51
1364,W004,Mumbai,P164,917,85
1365,W004,Mumbai,P165,832,73
1366,W004,Mumbai,P166,530,115
1367,W004,Mumbai,P167,893,96
1368,W004,Mumbai,P168,720,64
1369,W004,Mumbai,P169,76,99
1370,W004,Mumbai,P170,50,92
1371,W004,Mumbai,P171,245,44
1372,W004,Mumbai,P172,419,62
1373,W004,Mumbai,P173,820,53
1374,W004,Mumbai,P174,331,101
1375,W004,Mumbai,P175,573,41
1376,W004,Mumbai,P176,410,96
1377,W004,Mumbai,P177,597,83
1378,W004,Mumbai,P178,813,131
1379,W004,Mumbai,P179,419,99
1380,W004,Mumbai,P180,714,137
1381,W004,Mumbai,P181,561,146
1382,W004,Mumbai,P182,421,74
1383,W004,Mumbai,P183,523,42
1384,W004,Mumbai,P184,945,86
1385,W004,Mumbai,P185,703,141
1386,W004,Mumbai,P186,211,109
1387,W004,Mumbai,P187,430,120
1388,W004,Mumbai,P188,580,121
1389,W004,Mumbai,P189,177,80
1390,W004,Mumbai,P190,841,99
1391,W004,Mumbai,P191,856,82
1392,W004,Mumbai,P192,805,118
1393,W004,Mumbai,P193,585,46
1394,W004,Mumbai,P194,595,144
1395,W004,Mumbai,P195,60,57
1396,W004,Mumbai,P196,818,129
1397,W004,Mumbai,P197,770,100
1398,W004,Mumbai,P198,903,118
1399,W004,Mumbai,P199,55,132
1400,W004,Mumbai,P200,991,54
1401,W004,Mumbai,P201,726,132
1402,W004,Mumbai,P202,650,134
1403,W004,Mumbai,P203,698,61
1404,W004,Mumbai,P204,498,97
1405,W004,Mumbai,P205,55,144
1406,W004,Mumbai,P206,691,41
1407,W004,Mumbai,P207,654,100
1408,W004,Mumbai,P208,463,116
1409,W004,Mumbai,P209,216,122
1410,W004,Mumbai,P210,395,97
1411,W004,Mumbai,P211,320,96
1412,W004,Mumbai,P212,862,150
1413,W004,Mumbai,P213,123,98
1414,W004,Mumbai,P214,244,149
1415,W004,Mumbai,P215,274,111
1416,W004,Mumbai,P216,94,118
1417,W004,Mumbai,P217,75,41
1418,W004,Mumbai,P218,163,51
1419,W004,Mumbai,P219,664,129
1420,W004,Mumbai,P220,373,118
1421,W004,Mumbai,P221,87,52
1422,W004,Mumbai,P222,535,111
1423,W004,Mumbai,P223,421,121
1424,W004,Mumbai,P224,209,56
1425,W004,Mumbai,P225,678,86
1426,W004,Mumbai,P226,241,102
1427,W004,Mumbai,P227,354,54
1428,W004,Mumbai,P228,873,57
1429,W004,Mumbai,P229,145,146
1430,W004,Mumbai,P230,822,111
1431,W004,Mumbai,P231,605,66
1432,W004,Mumbai,P232,559,71
1433,W004,Mumbai,P233,227,92
1434,W004,Mumbai,P234,367,137
1435,W004,Mumbai,P235,240,40
1436,W004,Mumbai,P236,526,102
1437,W004,Mumbai,P237,717,122
1438,W004,Mumbai,P238,646,76
1439,W004,Mumbai,P239,844,47
1440,W004,Mumbai,P240,258,56
1441,W004,Mumbai,P241,705,79
1442,W004,Mumbai,P242,604,81
1443,W004,Mumbai,P243,565,53
1444,W004,Mumbai,P244,869,48
1445,W004,Mumbai,P245,822,98
1446,W004,Mumbai,P246,85,136
1447,W004,Mumbai,P247,145,91
1448,W004,Mumbai,P248,112,127
1449,W004,Mumbai,P249,311,112
1450,W004,Mumbai,P250,812,48
1451,W004,Mumbai,P251,185,109
1452,W004,Mumbai,P252,735,77
1453,W004,Mumbai,P253,827,139
1454,W004,Mumbai,P254,270,108
1455,W004,Mumbai,P255,542,142
1456,W004,Mumbai,P256,614,134
1457,W004,Mumbai,P257,914,105
1458,W004,Mumbai,P258,404,49
1459,W004,Mumbai,P259,983,66
1460,W004,Mumbai,P260,772,124
1461,W004,Mumbai,P261,608,107
1462,W004,Mumbai,P262,931,44
1463,W004,Mumbai,P263,589,150
1464,W004,Mumbai,P264,462,62
1465,W004,Mumbai,P265,749,72
1466,W004,Mumbai,P266,827,70
1467,W004,Mumbai,P267,680,58
1468,W004,Mumbai,P268,742,120
1469,W004,Mumbai,P269,435,62
1470,W004,Mumbai,P270,249,107
1471,W004,Mumbai,P271,703,117
1472,W004,Mumbai,P272,716,137
1473,W004,Mumbai,P273,921,88
1474,W004,Mumbai,P274,522,121
1475,W004,Mumbai,P275,166,70
1476,W004,Mumbai,P276,149,136
1477,W004,Mumbai,P277,209,109
1478,W004,Mumbai,P278,375,57
1479,W004,Mumbai,P279,387,83
1480,W004,Mumbai,P280,232,53
1481,W004,Mumbai,P281,201,47
1482,W004,Mumbai,P282,118,108
1483,W004,Mumbai,P283,73,48
1484,W004,Mumbai,P284,770,65
1485,W004,Mumbai,P285,618,144
1486,W004,Mumbai,P286,447,57
1487,W004,Mumbai,P287,307,124
1488,W004,Mumbai,P288,395,143
1489,W004,Mumbai,P289,794,139
1490,W004,Mumbai,P290,867,141
1491,W004,Mumbai,P291,749,90
1492,W004,Mumbai,P292,848,44
1493,W004,Mumbai,P293,906,119
1494,W004,Mumbai,P294,690,60
1495,W004,Mumbai,P295,509,56
1496,W004,Mumbai,P296,696,80
1497,W004,Mumbai,P297,681,121
1498,W004,Mumbai,P298,154,86
1499,W004,Mumbai,P299,113,129
1500,W004,Mumbai,P300,178,131
1501,W004,Mumbai,P301,739,131
1502,W004,Mumbai,P302,795,100
1503,W004,Mumbai,P303,598,121
1504,W004,Mumbai,P304,513,91
1505,W004,Mumbai,P305,477,146
1506,W004,Mumbai,P306,566,99
1507,W004,Mumbai,P307,989,73
1508,W004,Mumbai,P308,884,133
1509,W004,Mumbai,P309,863,53
1510,W004,Mumbai,P310,352,96
1511,W004,Mumbai,P311,919,145
1512,W004,Mumbai,P312,646,45
1513,W004,Mumbai,P313,165,146
1514,W004,Mumbai,P314,144,146
1515,W004,Mumbai,P315,525,52
1516,W004,Mumbai,P316,439,66
1517,W004,Mumbai,P317,770,40
1518,W004,Mumbai,P318,388,47
1519,W004,Mumbai,P319,245,48
1520,W004,Mumbai,P320,716,44
1521,W004,Mumbai,P321,980,123
1522,W004,Mumbai,P322,607,68
1523,W004,Mumbai,P323,553,103
1524,W004,Mumbai,P324,700,146
1525,W004,Mumbai,P325,439,46
1526,W004,Mumbai,P326,343,123
1527,W004,Mumbai,P327,714,44
1528,W004,Mumbai,P328,774,109
1529,W004,Mumbai,P329,237,57
1530,W004,Mumbai,P330,571,64
1531,W004,Mumbai,P331,667,109
1532,W004,Mumbai,P332,441,82
1533,W004,Mumbai,P333,127,76
1534,W004,Mumbai,P334,912,53
1535,W004,Mumbai,P335,263,42
1536,W004,Mumbai,P336,982,97
1537,W004,Mumbai,P337,161,98
1538,W004,Mumbai,P338,911,76
1539,W004,Mumbai,P339,311,122
1540,W004,Mumbai,P340,938,133
1541,W004,Mumbai,P341,930,75
1542,W004,Mumbai,P342,851,99
1543,W004,Mumbai,P343,666,126
1544,W004,Mumbai,P344,290,61
1545,W004,Mumbai,P345,442,58
1546,W004,Mumbai,P346,718,47
1547,W004,Mumbai,P347,944,42
1548,W004,Mumbai,P348,384,46
1549,W004,Mumbai,P349,681,79
1550,W004,Mumbai,P350,854,111
1551,W004,Mumbai,P351,623,44
1552,W004,Mumbai,P352,905,123
1553,W004,Mumbai,P353,862,71
1554,W004,Mumbai,P354,581,130
1555,W004,Mumbai,P355,656,107
1556,W004,Mumbai,P356,551,65
1557,W004,Mumbai,P357,898,71
1558,W004,Mumbai,P358,303,150
1559,W004,Mumbai,P359,444,85
1560,W004,Mumbai,P360,917,42
1561,W004,Mumbai,P361,381,64
1562,W004,Mumbai,P362,661,51
1563,W004,Mumbai,P363,536,109
1564,W004,Mumbai,P364,761,102
1565,W004,Mumbai,P365,865,54
1566,W004,Mumbai,P366,234,144
1567,W004,Mumbai,P367,541,79
1568,W004,Mumbai,P368,398,115
1569,W004,Mumbai,P369,204,68
1570,W004,Mumbai,P370,174,132
1571,W004,Mumbai,P371,453,97
1572,W004,Mumbai,P372,127,40
1573,W004,Mumbai,P373,457,144
1574,W004,Mumbai,P374,842,58
1575,W004,Mumbai,P375,517,69
1576,W004,Mumbai,P376,742,100
1577,W004,Mumbai,P377,203,93
1578,W004,Mumbai,P378,843,95
1579,W004,Mumbai,P379,249,74
1580,W004,Mumbai,P380,715,146
1581,W004,Mumbai,P381,314,43
1582,W004,Mumbai,P382,88,111
1583,W004,Mumbai,P383,69,148
1584,W004,Mumbai,P384,485,130
1585,W004,Mumbai,P385,559,128
1586,W004,Mumbai,P386,240,81
1587,W004,Mumbai,P387,902,140
1588,W004,Mumbai,P388,682,102
1589,W004,Mumbai,P389,67,68
1590,W004,Mumbai,P390,403,120
1591,W004,Mumbai,P391,451,44
1592,W004,Mumbai,P392,512,126
1593,W004,Mumbai,P393,261,145
1594,W004,Mumbai,P394,834,87
1595,W004,Mumbai,P395,392,128
1596,W004,Mumbai,P396,270,117
1597,W004,Mumbai,P397,119,95
1598,W004,Mumbai,P398,335,125
1599,W004,Mumbai,P399,330,45
1600,W004,Mumbai,P400,264,87
1601,W005,Delhi,P001,717,54
1602,W005,Delhi,P002,272,116
1603,W005,Delhi,P003,344,49
1604,W005,Delhi,P004,172,137
1605,W005,Delhi,P005,331,56
1606,W005,Delhi,P006,127,150
1607,W005,Delhi,P007,510,84
1608,W005,Delhi,P008,962,102
1609,W005,Delhi,P009,996,149
1610,W005,Delhi,P010,666,50
1611,W005,Delhi,P011,66,58
1612,W005,Delhi,P012,224,59
1613,W005,Delhi,P013,64,126
1614,W005,Delhi,P014,890,143
1615,W005,Delhi,P015,541,53
1616,W005,Delhi,P016,497,70
1617,W005,Delhi,P017,321,99
1618,W005,Delhi,P018,641,111
1619,W005,Delhi,P019,416,56
1620,W005,Delhi,P020,459,60
1621,W005,Delhi,P021,924,72
1622,W005,Delhi,P022,981,41
1623,W005,Delhi,P023,320,146
1624,W005,Delhi,P024,818,101
1625,W005,Delhi,P025,210,41
1626,W005,Delhi,P026,937,145
1627,W005,Delhi,P027,388,73
1628,W005,Delhi,P028,978,150
1629,W005,Delhi,P029,422,141
1630,W005,Delhi,P030,295,84
1631,W005,Delhi,P031,741,118
1632,W005,Delhi,P032,313,40
1633,W005,Delhi,P033,571,135
1634,W005,Delhi,P034,572,148
1635,W005,Delhi,P035,373,41
1636,W005,Delhi,P036,439,48
1637,W005,Delhi,P037,219,68
1638,W005,Delhi,P038,510,98
1639,W005,Delhi,P039,561,130
1640,W005,Delhi,P040,53,55
1641,W005,Delhi,P041,937,105
1642,W005,Delhi,P042,986,99
1643,W005,Delhi,P043,561,143
1644,W005,Delhi,P044,535,99
1645,W005,Delhi,P045,341,103
1646,W005,Delhi,P046,253,88
1647,W005,Delhi,P047,997,70
1648,W005,Delhi,P048,699,139
1649,W005,Delhi,P049,545,132
1650,W005,Delhi,P050,51,145
1651,W005,Delhi,P051,357,135
1652,W005,Delhi,P052,783,114
1653,W005,Delhi,P053,864,99
1654,W005,Delhi,P054,542,55
1655,W005,Delhi,P055,406,87
1656,W005,Delhi,P056,981,67
1657,W005,Delhi,P057,102,71
1658,W005,Delhi,P058,580,129
1659,W005,Delhi,P059,287,117
1660,W005,Delhi,P060,996,141
1661,W005,Delhi,P061,247,67
1662,W005,Delhi,P062,112,68
1663,W005,Delhi,P063,459,81
1664,W005,Delhi,P064,886,40
1665,W005,Delhi,P065,242,147
1666,W005,Delhi,P066,274,67
1667,W005,Delhi,P067,454,81
1668,W005,Delhi,P068,702,121
1669,W005,Delhi,P069,913,42
1670,W005,Delhi,P070,708,112
1671,W005,Delhi,P071,261,112
1672,W005,Delhi,P072,700,44
1673,W005,Delhi,P073,473,65
1674,W005,Delhi,P074,985,122
1675,W005,Delhi,P075,972,132
1676,W005,Delhi,P076,533,73
1677,W005,Delhi,P077,234,73
1678,W005,Delhi,P078,559,104
1679,W005,Delhi,P079,55,97
1680,W005,Delhi,P080,828,47
1681,W005,Delhi,P081,668,96
1682,W005,Delhi,P082,376,64
1683,W005,Delhi,P083,803,72
1684,W005,Delhi,P084,694,97
1685,W005,Delhi,P085,675,127
1686,W005,Delhi,P086,988,49
1687,W005,Delhi,P087,512,93
1688,W005,Delhi,P088,149,128
1689,W005,Delhi,P089,820,53
1690,W005,Delhi,P090,291,50
1691,W005,Delhi,P091,779,145
1692,W005,Delhi,P092,645,126
1693,W005,Delhi,P093,421,125
1694,W005,Delhi,P094,846,48
1695,W005,Delhi,P095,252,149
1696,W005,Delhi,P096,312,112
1697,W005,Delhi,P097,955,124
1698,W005,Delhi,P098,843,93
1699,W005,Delhi,P099,339,149
1700,W005,Delhi,P100,779,122
1701,W005,Delhi,P101,885,89
1702,W005,Delhi,P102,145,106
1703,W005,Delhi,P103,602,124
1704,W005,Delhi,P104,940,75
1705,W005,Delhi,P105,221,149
1706,W005,Delhi,P106,113,56
1707,W005,Delhi,P107,787,96
1708,W005,Delhi,P108,737,76
1709,W005,Delhi,P109,549,60
1710,W005,Delhi,P110,876,90
1711,W005,Delhi,P111,298,67
1712,W005,Delhi,P112,546,88
1713,W005,Delhi,P113,557,129
1714,W005,Delhi,P114,825,69
1715,W005,Delhi,P115,110,105
1716,W005,Delhi,P116,964,139
1717,W005,Delhi,P117,234,108
1718,W005,Delhi,P118,776,74
1719,W005,Delhi,P119,97,84
1720,W005,Delhi,P120,760,60
1721,W005,Delhi,P121,551,134
1722,W005,Delhi,P122,953,125
1723,W005,Delhi,P123,531,129
1724,W005,Delhi,P124,203,91
1725,W005,Delhi,P125,757,76
1726,W005,Delhi,P126,867,141
1727,W005,Delhi,P127,162,101
1728,W005,Delhi,P128,497,88
1729,W005,Delhi,P129,995,95
1730,W005,Delhi,P130,287,83
1731,W005,Delhi,P131,301,76
1732,W005,Delhi,P132,630,68
1733,W005,Delhi,P133,933,73
1734,W005,Delhi,P134,428,76
1735,W005,Delhi,P135,420,94
1736,W005,Delhi,P136,152,67
1737,W005,Delhi,P137,477,75
1738,W005,Delhi,P138,221,106
1739,W005,Delhi,P139,201,132
1740,W005,Delhi,P140,790,57
1741,W005,Delhi,P141,56,100
1742,W005,Delhi,P142,803,101
1743,W005,Delhi,P143,305,120
1744,W005,Delhi,P144,231,69
1745,W005,Delhi,P145,473,54
1746,W005,Delhi,P146,616,88
1747,W005,Delhi,P147,999,60
1748,W005,Delhi,P148,288,141
1749,W005,Delhi,P149,671,88
1750,W005,Delhi,P150,360,108
1751,W005,Delhi,P151,170,141
1752,W005,Delhi,P152,846,45
1753,W005,Delhi,P153,506,88
1754,W005,Delhi,P154,721,144
1755,W005,Delhi,P155,290,109
1756,W005,Delhi,P156,336,123
1757,W005,Delhi,P157,152,139
1758,W005,Delhi,P158,732,47
1759,W005,Delhi,P159,452,112
1760,W005,Delhi,P160,720,97
1761,W005,Delhi,P161,770,117
1762,W005,Delhi,P162,655,139
1763,W005,Delhi,P163,858,81
1764,W005,Delhi,P164,147,137
1765,W005,Delhi,P165,680,101
1766,W005,Delhi,P166,161,102
1767,W005,Delhi,P167,793,119
1768,W005,Delhi,P168,675,122
1769,W005,Delhi,P169,167,141
1770,W005,Delhi,P170,375,110
1771,W005,Delhi,P171,637,54
1772,W005,Delhi,P172,619,78
1773,W005,Delhi,P173,546,120
1774,W005,Delhi,P174,888,76
1775,W005,Delhi,P175,425,85
1776,W005,Delhi,P176,988,84
1777,W005,Delhi,P177,60,45
1778,W005,Delhi,P178,358,120
1779,W005,Delhi,P179,942,59
1780,W005,Delhi,P180,680,140
1781,W005,Delhi,P181,420,51
1782,W005,Delhi,P182,810,92
1783,W005,Delhi,P183,606,99
1784,W005,Delhi,P184,790,150
1785,W005,Delhi,P185,911,104
1786,W005,Delhi,P186,265,62
1787,W005,Delhi,P187,401,102
1788,W005,Delhi,P188,767,52
1789,W005,Delhi,P189,262,41
1790,W005,Delhi,P190,61,83
1791,W005,Delhi,P191,172,48
1792,W005,Delhi,P192,564,65
1793,W005,Delhi,P193,882,106
1794,W005,Delhi,P194,711,123
1795,W005,Delhi,P195,955,54
1796,W005,Delhi,P196,498,125
1797,W005,Delhi,P197,55,96
1798,W005,Delhi,P198,686,133
1799,W005,Delhi,P199,349,81
1800,W005,Delhi,P200,373,148
1801,W005,Delhi,P201,444,69
1802,W005,Delhi,P202,222,101
1803,W005,Delhi,P203,646,87
1804,W005,Delhi,P204,390,42
1805,W005,Delhi,P205,177,120
1806,W005,Delhi,P206,244,133
1807,W005,Delhi,P207,210,80
1808,W005,Delhi,P208,900,104
1809,W005,Delhi,P209,989,59
1810,W005,Delhi,P210,647,80
1811,W005,Delhi,P211,725,115
1812,W005,Delhi,P212,477,91
1813,W005,Delhi,P213,703,141
1814,W005,Delhi,P214,120,138
1815,W005,Delhi,P215,646,45
1816,W005,Delhi,P216,885,84
1817,W005,Delhi,P217,212,89
1818,W005,Delhi,P218,106,45
1819,W005,Delhi,P219,476,116
1820,W005,Delhi,P220,637,73
1821,W005,Delhi,P221,632,70
1822,W005,Delhi,P222,724,130
1823,W005,Delhi,P223,263,127
1824,W005,Delhi,P224,326,101
1825,W005,Delhi,P225,627,140
1826,W005,Delhi,P226,469,145
1827,W005,Delhi,P227,168,68
1828,W005,Delhi,P228,804,50
1829,W005,Delhi,P229,588,110
1830,W005,Delhi,P230,485,49
1831,W005,Delhi,P231,915,98
1832,W005,Delhi,P232,461,149
1833,W005,Delhi,P233,96,88
1834,W005,Delhi,P234,179,69
1835,W005,Delhi,P235,375,139
1836,W005,Delhi,P236,151,133
1837,W005,Delhi,P237,963,138
1838,W005,Delhi,P238,172,132
1839,W005,Delhi,P239,559,115
1840,W005,Delhi,P240,226,115
1841,W005,Delhi,P241,797,80
1842,W005,Delhi,P242,558,126
1843,W005,Delhi,P243,752,55
1844,W005,Delhi,P244,102,66
1845,W005,Delhi,P245,474,98
1846,W005,Delhi,P246,877,141
1847,W005,Delhi,P247,91,41
1848,W005,Delhi,P248,623,54
1849,W005,Delhi,P249,992,125
1850,W005,Delhi,P250,90,117
1851,W005,Delhi,P251,156,142
1852,W005,Delhi,P252,573,126
1853,W005,Delhi,P253,329,66
1854,W005,Delhi,P254,302,147
1855,W005,Delhi,P255,853,136
1856,W005,Delhi,P256,224,92
1857,W005,Delhi,P257,575,150
1858,W005,Delhi,P258,557,65
1859,W005,Delhi,P259,961,139
1860,W005,Delhi,P260,95,90
1861,W005,Delhi,P261,513,147
1862,W005,Delhi,P262,547,126
1863,W005,Delhi,P263,864,149
1864,W005,Delhi,P264,175,129
1865,W005,Delhi,P265,555,40
1866,W005,Delhi,P266,947,135
1867,W005,Delhi,P267,262,107
1868,W005,Delhi,P268,834,92
1869,W005,Delhi,P269,415,150
1870,W005,Delhi,P270,786,43
1871,W005,Delhi,P271,615,115
1872,W005,Delhi,P272,750,62
1873,W005,Delhi,P273,185,89
1874,W005,Delhi,P274,772,80
1875,W005,Delhi,P275,173,134
1876,W005,Delhi,P276,131,139
1877,W005,Delhi,P277,929,80
1878,W005,Delhi,P278,598,103
1879,W005,Delhi,P279,452,129
1880,W005,Delhi,P280,650,127
1881,W005,Delhi,P281,623,104
1882,W005,Delhi,P282,126,48
1883,W005,Delhi,P283,902,132
1884,W005,Delhi,P284,138,92
1885,W005,Delhi,P285,899,102
1886,W005,Delhi,P286,132,104
1887,W005,Delhi,P287,548,139
1888,W005,Delhi,P288,285,91
1889,W005,Delhi,P289,983,86
1890,W005,Delhi,P290,870,114
1891,W005,Delhi,P291,547,147
1892,W005,Delhi,P292,664,53
1893,W005,Delhi,P293,672,47
1894,W005,Delhi,P294,473,105
1895,W005,Delhi,P295,343,95
1896,W005,Delhi,P296,250,113
1897,W005,Delhi,P297,428,84
1898,W005,Delhi,P298,789,54
1899,W005,Delhi,P299,183,115
1900,W005,Delhi,P300,54,132
1901,W005,Delhi,P301,399,80
1902,W005,Delhi,P302,262,96
1903,W005,Delhi,P303,585,90
1904,W005,Delhi,P304,950,89
1905,W005,Delhi,P305,356,88
1906,W005,Delhi,P306,845,98
1907,W005,Delhi,P307,974,83
1908,W005,Delhi,P308,510,80
1909,W005,Delhi,P309,760,102
1910,W005,Delhi,P310,728,143
1911,W005,Delhi,P311,424,136
1912,W005,Delhi,P312,252,95
1913,W005,Delhi,P313,805,126
1914,W005,Delhi,P314,564,97
1915,W005,Delhi,P315,974,69
1916,W005,Delhi,P316,906,145
1917,W005,Delhi,P317,233,71
1918,W005,Delhi,P318,516,85
1919,W005,Delhi,P319,621,54
1920,W005,Delhi,P320,427,74
1921,W005,Delhi,P321,424,93
1922,W005,Delhi,P322,917,44
1923,W005,Delhi,P323,178,58
1924,W005,Delhi,P324,676,136
1925,W005,Delhi,P325,777,94
1926,W005,Delhi,P326,416,136
1927,W005,Delhi,P327,548,53
1928,W005,Delhi,P328,439,76
1929,W005,Delhi,P329,165,62
1930,W005,Delhi,P330,747,47
1931,W005,Delhi,P331,782,68
1932,W005,Delhi,P332,58,117
1933,W005,Delhi,P333,884,47
1934,W005,Delhi,P334,736,76
1935,W005,Delhi,P335,378,49
1936,W005,Delhi,P336,810,138
1937,W005,Delhi,P337,563,143
1938,W005,Delhi,P338,334,132
1939,W005,Delhi,P339,231,49
1940,W005,Delhi,P340,75,105
1941,W005,Delhi,P341,813,88
1942,W005,Delhi,P342,457,89
1943,W005,Delhi,P343,156,116
1944,W005,Delhi,P344,980,127
1945,W005,Delhi,P345,547,70
1946,W005,Delhi,P346,414,106
1947,W005,Delhi,P347,624,53
1948,W005,Delhi,P348,874,99
1949,W005,Delhi,P349,493,64
1950,W005,Delhi,P350,646,41
1951,W005,Delhi,P351,476,145
1952,W005,Delhi,P352,587,146
1953,W005,Delhi,P353,598,122
1954,W005,Delhi,P354,475,60
1955,W005,Delhi,P355,118,57
1956,W005,Delhi,P356,745,96
1957,W005,Delhi,P357,780,78
1958,W005,Delhi,P358,822,47
1959,W005,Delhi,P359,756,112
1960,W005,Delhi,P360,544,101
1961,W005,Delhi,P361,868,66
1962,W005,Delhi,P362,838,99
1963,W005,Delhi,P363,246,120
1964,W005,Delhi,P364,343,131
1965,W005,Delhi,P365,433,89
1966,W005,Delhi,P366,519,49
1967,W005,Delhi,P367,745,96
1968,W005,Delhi,P368,143,125
1969,W005,Delhi,P369,733,104
1970,W005,Delhi,P370,393,86
1971,W005,Delhi,P371,132,126
1972,W005,Delhi,P372,823,140
1973,W005,Delhi,P373,867,131
1974,W005,Delhi,P374,989,74
1975,W005,Delhi,P375,245,97
1976,W005,Delhi,P376,740,55
1977,W005,Delhi,P377,711,111
1978,W005,Delhi,P378,589,88
1979,W005,Delhi,P379,638,47
1980,W005,Delhi,P380,532,51
1981,W005,Delhi,P381,272,140
1982,W005,Delhi,P382,902,68
1983,W005,Delhi,P383,315,135
1984,W005,Delhi,P384,990,91
1985,W005,Delhi,P385,419,71
1986,W005,Delhi,P386,973,52
1987,W005,Delhi,P387,190,92
1988,W005,Delhi,P388,636,56
1989,W005,Delhi,P389,370,115
1990,W005,Delhi,P390,725,123
1991,W005,Delhi,P391,897,147
1992,W005,Delhi,P392,696,79
1993,W005,Delhi,P393,874,82
1994,W005,Delhi,P394,532,95
1995,W005,Delhi,P395,407,114
1996,W005,Delhi,P396,223,95
1997,W005,Delhi,P397,315,121
1998,W005,Delhi,P398,250,60
1999,W005,Delhi,P399,438,142
2000,W005,Delhi,P400,549,58
